dm_id,kod_loc,nama_loc
1,981601001,KG SRI WIRA DAMAI
1,981601002,SRI TEMENGGUNG
1,981601003,KG BAHTERA
1,981601004,KG SEPAKAT JAYA
1,981601005,"PANGSAPURI BERINGIN, TMN GOMBAK PERMAI"
1,981601006,TMN GOMBAK PERMAI
1,981601007,BLK 1 - 49 KG. MELAYU WIRA DAMAI
1,981601008,P/PURI CEMPAKA
1,981601009,P/PURI KENANGA
1,981601010,BLOK A - Z KG. MELAYU WIRA DAMAI
2,981602001,JLN JASA 1 - 26 TMN JASA
2,981602002,JLN LRG JU - TMN JASA UTAMA
2,981602003,KRTS JBA
2,981602005,JLN JASA 1
2,981602006,JLN JASA 2
2,981602008,JLN JASA 4
2,981602009,JLN JASA 5
2,981602010,JLN JASA 6
2,981602011,JLN JASA 8
2,981602012,JLN JASA 12
2,981602013,JLN JASA 14
2,981602014,JLN JASA 16
2,981602017,JLN JASA 22
2,981602018,JLN JASA 24
2,981602019,JLN JASA 25
2,981602021,JLN JASA UTAMA
2,981602022,JLN JU 2
2,981602023,JLN JU 4
2,981602024,JLN JU 6
2,981602025,JLN JU 8
2,981602026,JLN JU 9
2,981602027,JLN JU 10
2,981602028,JLN JU 12
2,981602031,LRG JU 5/1
2,981602032,JLN JU 5
2,981602033,JLN JU 5/3
2,981602034,JLN JU 5/5
2,981602035,JLN JU 7
2,981602036,JLN JU 14
2,981602038,JLN JU 1
2,981602039,TMN JASA PERWIRA
3,981603001,JLN GERLING
3,981603002,JLN SG TUA
3,981603003,KG BAHRU SG TUA
3,981603004,JLN ANGGERIK
3,981603005,JLN KENANGA
3,981603006,JLN MELATI
3,981603007,JLN KEKWA
3,981603008,JLN BUNGA TANJUNG
3,981603009,JLN DAHLIA
3,981603010,JLN TERATAI
3,981603011,BATU 10 SG. TUA
3,981603012,KG.ORANG ASLI ULU BATU
3,981603801,PEMILIH TAK HADIR
4,981604001,KG NAKHODA
4,981604002,JLN NAKHODA KANAN
4,981604003,JLN NAKHODA TENGAH
4,981604004,JLN NAKHODA KANAN 1
4,981604005,JLN NAKHODA KANAN 2
4,981604006,JLN NAKHODA KIRI
4,981604007,JLN NAKHODA KIRI 1
4,981604008,JLN NAKHODA KIRI 2
4,981604009,JLN NAKHODA KIRI 3
4,981604010,JLN NAKHODA DALAM
4,981604011,LRG NAKHODA 14
4,981604012,JLN NAKHODA B/4
4,981604801,PEMILIH TAK HADIR
5,981605001,KG LAKSAMANA
5,981605002,JLN LAKSAMANA  1 - 10
5,981605003,BLOK A - E P/PURI LAKSAMANA
5,981605004,"TMN PUTRI L`MANA/BLK DELIMA,CAHAYA,KAYU,SURIA,BAYU"
5,981605005,APT PUTRA LAKSAMANA
5,981605006,APT SRI ASTANA
5,981605007,TMN LAKSAMANA PERMAI
5,981605008,BLOK SUTERA
5,981605009,BLOK AMAN
5,981605010,BLOK BALDU APT PUTRA
5,981605011,KG SG KERTAS
5,981605012,JLN LAKSAMANA
5,981605013,JLN LAKSAMANA 1
5,981605014,JLN LAKSAMANA 1/1
5,981605016,JLN LAKSAMANA 1/3
5,981605017,JLN LAKSAMANA 1/4
5,981605018,JLN LAKSAMANA 2
5,981605019,JLN LAKSAMANA 3
5,981605020,JLN LAKSAMANA 3/1
5,981605021,JLN LAKSAMANA 4
5,981605022,JLN LAKSAMANA 4/1
5,981605023,JLN LAKSAMANA 5
5,981605024,JLN LAKSAMANA 6
5,981605025,JLN LAKSAMANA 6/1
5,981605027,JLN LAKSAMANA 7
5,981605028,JLN LAKSAMANA 8
5,981605029,JLN LAKSAMANA 9
5,981605030,JLN LAKSAMANA 10
5,981605031,JLN LAKSAMANA 10/3
5,981605033,BLOK B LAKSAMANA JAYA
5,981605035,BLOK DELIMA PUTRI LAKSAMANA
5,981605036,BLOK CAHAYA PUTRI LAKSAMANA
5,981605038,BLOK SURIA PUTRI LAKSAMANA
5,981605039,BLOK BAYU PUTRI LAKSAMANA
5,981605040,JLN L/P 1 TMN LAKSAMANA PERMAI
5,981605041,JLN L/P 2 TMN LAKSAMANA PERMAI
5,981605042,JLN L/P 4 TMN LAKSAMANA PERMAI
5,981605044,BLOK A P/PURI LAKSAMANA
5,981605046,KG LAKSAMANA JAYA
6,981606001,JLN 1 A - E
6,981606002,JLN 3 - 9 (GANJIL)
6,981606003,JLN 11 A - D
6,981606004,JLN 17 A - D
6,981606005,JLN 19 A - D
6,981606006,JLN 27 A - D
6,981606007,KG LEMBAH INDAH
6,981606008,TMN SELAYANG SEJATI
6,981606009,BAREK POLIS SELAYANG
6,981606010,JLN 1
6,981606011,JLN 1A
6,981606012,JLN 1B
6,981606013,JLN 1C
6,981606014,JLN 1D
6,981606015,JLN 1E
6,981606016,JLN 3
6,981606017,JLN 5
6,981606018,JLN 7
6,981606019,JLN 9
6,981606020,JLN 11 SELAYANG BAHARU
6,981606022,JLN 11 B
6,981606023,JLN 11 C
6,981606024,JLN 17
6,981606025,JLN 17 A
6,981606026,JLN 19
6,981606027,JLN 19 A
6,981606028,JLN 19 B
6,981606030,JLN 19 D
6,981606031,JLN 27
6,981606033,JLN 27 B
6,981606034,JLN 27 C
7,981607001,JLN 2
7,981607002,JLN 4
7,981607003,JLN 6
7,981607004,JLN / LRG 8 A- F
7,981607005,JLN 10 A - D
7,981607006,JLN 12 A - D
7,981607007,JLN 16 A ...
7,981607008,JLN 18 A - B
7,981607009,JALAN BESAR / SELAYANG TIN
7,981607010,JLN 14 A...
7,981607011,JLN 8
7,981607012,JLN 8 A
7,981607015,JLN 8 C
7,981607016,JLN 8 D
7,981607017,JLN 8 E
7,981607018,JLN 8 F
7,981607019,JLN 10
7,981607020,JLN 10 A
7,981607021,JLN 10 D
7,981607022,JLN 12
7,981607024,JLN 14
7,981607025,JLN 16
7,981607026,JLN 18
7,981607027,JLN 18 A
7,981607028,JLN 18 B
8,981608001,PERTEMPATAN ORANG INDIA
8,981608002,JLN 1 - 10 TAMAN SELAYANG
8,981608003,JLN 11 - 20 TMN SELAYANG
8,981608004,KG JAYA
8,981608005,TMN SELAYANG MAKMUR
8,981608006,TMN SURIA
8,981608008,TAMAN SELAYANG
8,981608009,JALAN 1
8,981608010,JALAN 2
8,981608011,JALAN 3
8,981608012,JALAN 4
8,981608013,JALAN 5
8,981608014,JALAN 6
8,981608015,JALAN 7
8,981608016,JALAN 8
8,981608017,JALAN 10
8,981608018,JALAN 12
8,981608020,JALAN 14
8,981608021,JALAN 16
8,981608022,JALAN 18
8,981608801,PEMILIH TIDAK HADIR
9,981609001,KG BAHRU BATU CAVES
9,981609002,TMN AMANIAH / KG. DATOK KARIM
9,981609003,TMN BATU CAVES
9,981609004,APT DESA PUTRA
9,981609005,PANGSAPURI ANGGERIK
9,981609006,JLN 7 KG BAHRU SELATAN
9,981609007,KG BAHRU BT CAVES
9,981609008,JLN 1 KG BAHRU BT CAVES
9,981609019,JLN BUNGA RAYA
9,981609020,JLN BUNGA RAYA UTAMA
9,981609021,JLN BUNGA RAYA 1
9,981609022,LRG BUNGA RAYA 1
9,981609023,JLN BUNGA RAYA 2
9,981609024,LRG BUNGA RAYA 2
9,981609025,JLN BUNGA RAYA 3
9,981609026,LRG BUNGA RAYA 3
9,981609027,JLN BUNGA RAYA 4
9,981609029,LRG BUNGA RAYA
9,981609030,TMN AMANIAH
9,981609033,JLN 2 TMN AMANIAH
9,981609034,JLN 3 TMN AMANIAH
9,981609035,JLN 4 TMN AMANIAH
9,981609036,JLN 5 TMN AMANIAH
9,981609040,JLN 1 TMN BT CAVES
9,981609041,JLN 3 TMN BT CAVES
9,981609042,JLN 4 TMN BT CAVES
9,981609044,JLN 6 TMN BT CAVES
9,981609045,JLN 7 TMN BT CAVES
9,981609046,JLN 8 TMN BT CAVES
9,981609047,JLN 9 TMN BT CAVES
9,981609048,JLN 10 TMN BT CAVES
9,981609051,JLN 13 TMN BT CAVES
9,981609052,JLN 14 TMN BT CAVES
9,981609053,JLN 15 TMN BT CAVES
9,981609058,BLOK DELIMA DESA PUTRA
10,981610001,PEKAN BATU CAVES
10,981610002,KG MELAYU BATU CAVES
10,981610003,MEDAN BATU CAVES
10,981610004,APT SRI GOTONG
10,981610005,TMN SERI BT CAVES
10,981610006,BLK A - D TMN SERI BT CAVES
10,981610008,JLN 1 KG MELAYU
10,981610011,JLN 7 KG MELAYU
10,981610012,JLN 9 KG MELAYU
10,981610013,JLN 16 KG MELAYU
10,981610014,JLN 18 KG MELAYU
10,981610015,JLN MEDAN BT CAVES 1
10,981610016,JLN MEDAN BT CAVES 2
10,981610017,JLN MEDAN BT CAVES 3
10,981610401,91 DEPOT BEKALAN PUSAT
10,981610801,PEMILIH TAK HADIR
11,981611001,BT 71/2 JALAN KERETAPI
11,981611002,BT 71/2 JALAN RAWANG
11,981611003,BT 7 BT CAVES
11,981611004,BT 8 BT CAVES
11,981611005,JLN PERUSAHAAN/BT CAVES LIGHT INDUSTRIES
11,981611006,TMN SPRING
11,981611007,TMN DESA BT CAVES
12,981612001,BT 7 JLN SG TUA
12,981612002,BT 8 JLN SG TUA
12,981612003,BT 9 JLN SG TUA
12,981612004,JLN SRI SELAYANGT 1-4 TMN SRI SELAYANG
12,981612005,KRTS JKR
12,981612006,TAMAN SRI SELAYANG
12,981612007,JLN SRI SELAYANG
12,981612008,JLN SRI SELAYANG 1
12,981612009,JLN SRI SELAYANG 2
12,981612011,JLN SRI SELAYANG 4
12,981612801,PEMILIH TAK HADIR
13,981701001,PINGGIRAN BATU CAVES
13,981701002,TMN PINGGIRAN BT CAVES
13,981701003,JLN PINGGIRAN 1/1 - 8
13,981701004,JLN PINGGIRAN 2/1 - 11
13,981701005,JLN PINGGIRAN 3/1 - 16
13,981701006,BLK A - J PINGGIRAN BT CAVES
13,981701007,BLK K - Y PINGGIRAN BT CAVES
13,981701008,TMN GEMILANG
13,981701009,TMN PINGGIRAN INDAH
13,981701010,TMN DESA PINGGIRAN
13,981701011,KG MELAYU SERI GOMBAK
13,981701012,P/PURI CEMPAKA
13,981701013,P/PURI ANGGERIK
13,981701014,P/PURI DESA TEMENGGUNG
13,981701015,P/PURI SIANTAN
13,981701016,P/PURI BERINGIN
13,981701017,JLN PINGGIRAN 1/1
13,981701018,JLN PINGGIRAN 1/2
13,981701019,JLN PINGGIRAN 1/3
13,981701020,JLN PINGGIRAN 1/4
13,981701022,JLN PINGGIRAN 1/6
13,981701023,JLN PINGGIRAN 1/7
13,981701025,JLN PINGGIRAN 2/1
13,981701026,JLN PINGGIRAN 2/2
13,981701027,JLN PINGGIRAN 2/3
13,981701028,JLN PINGGIRAN 2/4
13,981701029,JLN PINGGIRAN 2/5
13,981701031,JLN PINGGIRAN 2/7
13,981701032,JLN PINGGIRAN 2/8
13,981701033,JLN PINGGIRAN 2/9
13,981701035,JLN PINGGIRAN 2/11
13,981701036,JLN PINGGIRAN 3/1
13,981701037,JLN PINGGIRAN 3/2
13,981701038,JLN PINGGIRAN 3/3
13,981701039,JLN PINGGIRAN 3/3 A
13,981701040,JLN PINGGIRAN 3/4
13,981701041,JLN PINGGIRAN 3/5
13,981701043,JLN PINGGIRAN 3/7
13,981701044,JLN PINGGIRAN 3/9
13,981701045,JLN PINGGIRAN 3/10
13,981701046,JLN PINGGIRAN 3/11
13,981701047,JLN PINGGIRAN 3/16
13,981701048,BLOK A PINGGIRAN BT CAVES
13,981701049,BLOK B PINGGIRAN BT CAVES
13,981701050,BLOK C PINGGIRAN BT CAVES
13,981701051,BLOK D PINGGIRAN BT CAVES
13,981701052,BLOK E PINGGIRAN BT CAVES
13,981701053,BLOK F PINGGIRAN BT CAVES
13,981701054,BLOK G PINGGIRAN BT CAVES
13,981701055,BLOK H PINGGIRAN BT CAVES
13,981701056,BLOK J PINGGIRAN BT CAVES
13,981701057,BLOK K PINGGIRAN BT CAVES
13,981701058,BLOK L PINGGIRAN BT CAVES
13,981701059,BLOK M PINGGIRAN BT CAVES
13,981701060,BLOK N PINGGIRAN BT CAVES
13,981701061,BLOK P PINGGIRAN BT CAVES
13,981701063,BLOK S PINGGIRAN BT CAVES
13,981701064,BLOK T PINGGIRAN BT CAVES
13,981701065,BLOK V PINGGIRAN BT CAVES
13,981701066,BLOK W PINGGIRAN BT CAVES
13,981701067,TMN PINGGIRAN PERMATA
13,981701801,PEMILIH TAK HADIR
14,981702001,JLN S/G 9/1 - 10
14,981702002,JLN S/G 9/11 - 20
14,981702003,JLN S/G 9/21 - 41
14,981702004,JLN PERMAI
14,981702005,APT GARDENIA COURT
14,981702006,KG MELAYU SRI MAKMUR
14,981702007,P/PURI WIRA PERMAI
14,981702008,JLN S/G 9/1
14,981702009,JLN S/G 9/2
14,981702011,JLN S/G 9/4
14,981702012,JLN S/G 9/5
14,981702013,JLN S/G 9/6
14,981702014,JLN S/G 9/7
14,981702015,JLN S/G 9/8
14,981702016,JLN S/G 9/9
14,981702017,JLN S/G 9/10
14,981702018,JLN S/G 9/11
14,981702020,JLN S/G 9/14
14,981702021,JLN S/G 9/15
14,981702022,JLN S/G 9/16
14,981702023,JLN S/G 9/17
14,981702024,JLN S/G 9/18
14,981702025,JLN S/G 9/19
14,981702026,JLN S/G 9/20
14,981702027,JLN S/G 9/21
14,981702028,JLN S/G 9/22
14,981702029,JLN S/G 9/23
14,981702030,JLN S/G 9/24
14,981702032,JLN S/G 9/26
14,981702033,JLN S/G 9/27
14,981702034,JLN S/G 9/28
14,981702035,JLN S/G 9/29
14,981702036,JLN S/G 9/30
14,981702037,JLN S/G 9/32
14,981702038,JLN S/G 9/33
14,981702041,KRISTAL HEIGHT
14,981702801,PEMILIH TIDAK HADIR
15,981703001,TMN SELASEH / KG GOMBAK JAYA
15,981703002,JLN SELASEH 15 - JLN SELASEH 24
15,981703003,JLN SAMUDRA SELATAN
15,981703004,JLN SAMUDRA TIMUR
15,981703005,JLN SAMUDRA UTARA
15,981703006,TAMAN SAMUDRA / KG. BANJAR
15,981703007,TMN DESA BT CAVES
15,981703008,APT CASMARIA TMN SAMUDRA
15,981703009,R/PANGSA TMN SAMUDRA
15,981703010,R/PANGSA FIONA TMN SELASEH
15,981703011,IKS MUKIM BATU
15,981703012,TAMAN SELASEH
15,981703013,JLN SELASEH 15
15,981703014,JLN SELASEH 16
15,981703015,JLN SELASEH 17
15,981703016,JLN SELASEH 18
15,981703017,JLN SELASEH 19
15,981703018,JLN SELASEH 20
15,981703019,JLN SELASEH 24
15,981703020,TAMAN SAMUDRA
15,981703021,JLN SAMUDRA UTARA 1
15,981703022,JLN SAMUDRA UTARA 2
15,981703023,JLN SAMUDRA UTARA 4
15,981703024,JLN SAMUDRA UTARA 5
15,981703025,JLN SAMUDRA UTARA 6
15,981703026,JLN SAMUDRA UTARA 8
15,981703027,JLN SAMUDRA UTARA 9
15,981703028,JLN SAMUDRA UTARA 10
15,981703029,JLN SAMUDRA SELATAN 2
15,981703030,JLN SAMUDRA SELATAN 3
15,981703031,JLN SAMUDRA SELATAN 4
15,981703032,JLN SAMUDRA SELATAN 5
15,981703033,JLN SAMUDRA SELATAN 6
15,981703034,JLN SAMUDRA SELATAN 7
15,981703035,JLN SAMUDRA SELATAN 8
15,981703036,JLN SAMUDRA SELATAN 9
15,981703037,JLN SAMUDRA SELATAN 10
15,981703038,JLN SAMUDRA TIMUR 1
15,981703039,JLN SAMUDRA TIMUR 2
15,981703041,JLN SAMUDRA TIMUR 4
15,981703042,JLN SAMUDRA TIMUR 5
15,981703043,JLN SAMUDRA TIMUR 6
15,981703044,JLN SAMUDRA TIMUR 7
15,981703045,JLN SAMUDRA TIMUR 8
15,981703046,JLN SAMUDRA TIMUR 9
15,981703048,BLOK A TMN SAMUDRA
15,981703049,BLOK 3 A TMN SAMUDRA
15,981703053,TMN RAINTREE
15,981703701,BALAI POLIS BT CAVES
15,981703801,PEMILIH TAK HADIR
16,981704001,TAMAN GREENWOOD
16,981704002,JLN 1-14 TMN GREENWOOD
16,981704003,TMN BERLIAN
16,981704004,TMN DESA MINANG
16,981704005,TMN BATU
16,981704006,APPT IDAMAN PURI JLN SETIA
16,981704007,JLN 1
16,981704008,JLN 2
16,981704009,JLN 3
16,981704010,JLN 4
16,981704011,JLN 5
16,981704012,JLN 6
16,981704013,JLN 7
16,981704014,JLN 8
16,981704015,JLN 9
16,981704016,JLN 10
16,981704017,JLN 11
16,981704018,JLN 12
16,981704019,JLN 13
16,981704020,JLN 14
16,981704021,JLN SEPAKAT TMN BERLIAN
16,981704022,LRG 5 TMN DESA MINANG
16,981704023,LRG 6 TMN DESA MINANG
16,981704024,LRG 7 TMN DESA MINANG
16,981704025,LRG 8 TMN DESA MINANG
16,981704801,PEMILIH TAK HADIR
17,981705001,SIMPANG TIGA GOMBAK
17,981705002,KG CANGKAT
17,981705003,LRG DEWAN
17,981705004,JLN SEPAKAT
17,981705005,JLN BKT LELA
17,981705006,JLN HJ IDRIS
17,981705008,JLN KUNCI AIR
17,981705009,TMN SAHABAT
17,981705010,JLN SEPAKAT 2
17,981705011,LRG SEPAKAT 2
17,981705013,LRG SEPAKAT 3
17,981705014,JLN SEPAKAT 4
17,981705015,JLN SEPAKAT 5
17,981705016,LRG SEPAKAT 5
17,981705017,TMN MUTIARA GOMBAK
17,981705801,PEMILIH TAK HADIR
18,981706001,JALAN GOMBAK BATU 7
18,981706002,JALAN GOMBAK BATU 8
18,981706003,KG SUNGAI CHIN CHIN
18,981706004,TMN RAWIYAH SULAIMAN JAYA
18,981706005,DESA BESTARI
18,981706006,DESA MOKMIN PERMAI
19,981707001,JALAN GOMBAK BATU 6
19,981707002,KG KARDAS
19,981707003,KG TENGAH
19,981707004,JLN KERDAS 1 - 6
19,981707005,JLN HARMONIS 1 - 9
19,981707006,TMN SENTOSA
19,981707007,TMN SERI MELATI
19,981707008,TMN BKT SENTOSA
19,981707009,JLN KERDAS 1
19,981707010,JLN KERDAS 2
19,981707011,JLN KERDAS 3
19,981707012,JLN KERDAS 4
19,981707013,JLN KERDAS 5
19,981707014,JLN KERDAS 6
19,981707016,LRG KERDAS KIRI 2
19,981707017,TAMAN HARMONIS
19,981707019,JLN HARMONIS 2
19,981707020,JLN HARMONIS 3
19,981707021,JLN HARMONIS 4
19,981707023,JLN HARMONIS 6
19,981707024,JLN HARMONIS 9
19,981707025,KG TENGAH TAMBAHAN
19,981707801,PEMILIH TAK HADIR
20,981708001,GOMBAK SETIA
20,981708002,KRTS KERAJAAN
20,981708003,JLN SERI SETIA
20,981708004,JLN MUTIARA
20,981708005,JLN SEKOLAH
20,981708006,JLN DEWAN
20,981708007,JLN MADARSAH
20,981708008,JLN PASAR
20,981708009,JLN INTAN
20,981708010,JLN RUBI
20,981708011,JLN ZAMRUD
20,981708012,JLN DELIMA
20,981708013,TMN SETIA
20,981708014,TAMAN PERWIRA
20,981708015,TMN KENANGAN
20,981708016,TMN CEMERLANG
20,981708017,TMN PERWIRA INDAH
20,981708018,MINANG INDAH VILLA
20,981708019,KRTS POLIS
20,981708028,TMN MUTIARA
20,981708701,BALAI POLIS GOMBAK
20,981708801,PEMILIH TAK HADIR
21,981709001,TMN INDUSTRI BOLTON
21,981709002,KG SRI GOMBAK INDAH
21,981709003,JLN SG 1/1 - 10
21,981709004,JLN SG 1/11  - 20
21,981709005,JLN TIB 2
21,981709006,JLN TIB 3
21,981709007,P/PURI SRI LAMAN
21,981709008,TAMAN SUNWAY
21,981709009,JLN S/G 1/1
21,981709015,JLN S/G 1/8
21,981709016,JLN S/G 1/9
21,981709018,JLN S/G 1/11
21,981709019,JLN S/G 1/12
21,981709020,JLN S/G 1/14
21,981709021,JLN S/G 1/15
21,981709022,JLN S/G 1/16
21,981709023,JLN S/G 1/17
21,981709024,JLN S/G 1/18
21,981709025,JLN S/G 1/19
21,981709028,JLN TIB 2/3
21,981709030,JLN TIB 2/6
21,981709031,JLN 3 BT CAVES CENTREPOINT
21,981709032,JLN TIB 2/8
21,981709033,JLN MAKMUR
21,981709035,JLN TIB 2/14
21,981709036,JLN TIB 2/12
21,981709037,JLN TIB 3
21,981709038,LRG ANGGERIK
21,981709039,LRG MELUR
21,981709040,LRG KIAMBANG
21,981709041,JLN PUSAT NIAGA
21,981709043,LRG MAWAR
21,981709701,POLIS
21,981709801,PEMILIH TAK HADIR
22,981710001,JLN SG 2/1 - 5
22,981710002,JLN SG 2/6 - 10
22,981710003,JLN SG 3/1 - 10
22,981710004,JLN SG 3/11 - 19
22,981710005,JLN SG 4/1 - 11
22,981710006,JLN SG 5/1 - 7
22,981710007,JLN SG 6/1 - 9
22,981710008,JLN SG 6/10 - 15
22,981710009,JLN SG 7/1 - 10
22,981710010,JLN SG 7/11 - 21
22,981710011,JLN LINTANG
22,981710012,JLN S/G  2/1
22,981710013,JLN S/G  2/2
22,981710014,JLN S/G  2/3
22,981710015,JLN S/G  2/4
22,981710016,JLN S/G  2/5
22,981710017,JLN S/G  2/6
22,981710018,JLN S/G  2/7
22,981710019,JLN S/G  2/8
22,981710020,JLN S/G  2/9
22,981710021,JLN S/G  2/10
22,981710026,JLN S/G  3/8
22,981710027,JLN S/G  3/12
22,981710028,JLN S/G  3/16
22,981710029,JLN S/G  4/1
22,981710030,JLN S/G  4/2
22,981710031,JLN S/G  4/3
22,981710032,JLN S/G  4/4
22,981710033,JLN S/G  4/5
22,981710034,JLN S/G  4/6
22,981710035,JLN S/G  4/7
22,981710036,JLN S/G  4/8
22,981710037,JLN S/G  4/9
22,981710038,JLN S/G  4/10
22,981710040,JLN S/G  5/1
22,981710041,JLN S/G  5/3
22,981710042,JLN S/G  5/4
22,981710043,JLN S/G  5/5
22,981710044,JLN S/G  5/6
22,981710045,JLN S/G  5/7
22,981710046,JLN S/G  5/2
22,981710047,JLN S/G 6/2
22,981710048,JLN S/G  6/3
22,981710049,JLN S/G  6/4
22,981710050,JLN S/G  6/5
22,981710051,JLN S/G  6/6
22,981710052,JLN S/G  6/7
22,981710053,JLN S/G  6/8
22,981710054,JLN S/G  6/9
22,981710055,JLN S/G  6/10
22,981710056,JLN S/G  6/11
22,981710057,JLN S/G  6/12
22,981710058,JLN S/G  6/14
22,981710059,JLN S/G  6/15
22,981710062,JLN S/G  7/3
22,981710063,JLN S/G  7/4
22,981710064,JLN S/G  7/5
22,981710065,JLN S/G  7/6
22,981710066,JLN S/G  7/7
22,981710067,JLN S/G  7/8
22,981710068,JLN S/G  7/9
22,981710069,JLN S/G  7/10
22,981710070,JLN S/G  7/11
22,981710071,JLN S/G  7/12
22,981710072,JLN S/G  7/14
22,981710073,JLN S/G  7/15
22,981710074,JLN S/G  7/16
22,981710075,JLN S/G  7/17
22,981710076,JLN S/G  7/18
22,981710077,JLN S/G  7/19
22,981710801,PEMILIH TIDAK HADIR
23,981711001,JLN 1 - 9 TMN BERJAYA
23,981711002,JLN 1 - 9 TMN GOMBAK
23,981711003,JLN 10 - 15 TMN GOMBAK
23,981711004,TMN GOMBAK TAMBAHAN
23,981711005,JLN SELASEH 1 - 9
23,981711006,JLN SELASEH 10 - 14
23,981711007,TMN GOMBAK RIA
23,981711008,KG SELASEH
23,981711009,TMN MELEWAR INDAH
23,981711011,JLN BERJAYA 1
23,981711012,JLN BERJAYA 2
23,981711013,JLN BERJAYA 3
23,981711014,JLN BERJAYA 4
23,981711015,JLN BERJAYA 5
23,981711016,JLN BERJAYA 6
23,981711017,JLN BERJAYA 9
23,981711018,JLN TMN GOMBAK
23,981711019,JLN 1 TMN GOMBAK
23,981711020,JLN 2 TMN GOMBAK
23,981711022,JLN 4 TMN GOMBAK
23,981711023,JLN 5 TMN GOMBAK
23,981711024,JLN 6 TMN GOMBAK
23,981711025,JLN 7 TMN GOMBAK
23,981711026,JLN 8 TMN GOMBAK
23,981711027,JLN 9 TMN GOMBAK
23,981711028,JLN 10 TMN GOMBAK
23,981711030,JLN 12 TMN GOMBAK
23,981711031,JLN 13 TMN GOMBAK
23,981711032,JLN 14 TMN GOMBAK
23,981711033,JLN 15 TMN GOMBAK
23,981711034,JLN SELASEH TMN SELASEH
23,981711035,JLN SELASEH 1
23,981711036,JLN SELASEH 2
23,981711037,JLN SELASEH 3
23,981711039,JLN SELASEH 5
23,981711040,JLN SELASEH 6
23,981711042,JLN SELASEH 8
23,981711044,JLN SELASEH 10
23,981711045,JLN SELASEH 11
23,981711046,JLN SELASEH 12
23,981711047,JLN SELASEH 13
23,981711048,JLN SELASEH 14
23,981711049,JLN GOMBAK RIA 1 TMN GOMBAK RIA
23,981711050,JLN GOMBAK RIA 2 TMN GOMBAK RIA
23,981711051,JLN GOMBAK RIA 2 A TMN GOMBAK RIA
23,981711052,JLN GOMBAK RIA 3 TMN GOMBAK RIA
23,981711054,JLN GOMBAK RIA 8 TMN GOMBAK RIA
23,981711056,"JLN CHANGKAT MULIA, TMN CHANGKAT"
23,981711801,PEMILIH TIDAK HADIR
24,981712001,JLN GOMBAK BT 9 / LDG KAM SENG
24,981712002,JLN GOMBAK BT 10 / KG SG SALAK
24,981712003,JLN PHG / JLN GOMBAK BT 12
24,981712004,JLN PHG / JLN GOMBAK BT 23
24,981712005,HOSPITAL O/ASLI
24,981712006,SG PUSU
24,981712007,DESA MOKMIN / MAKMUR
24,981712008,JHOA
24,981712009,KG O/ASLI BT 16 GOMBAK
24,981712010,KG O/ASLI BT 15 / KM 24 GOMBAK
24,981712011,KG O/ASLI SG RELANG
24,981712012,JLN SENTOSA 1 - 2
24,981712013,APT UIA GOMBAK
24,981712014,JALAN GOMBAK BATU 11
24,981712020,QRTS GURU SM TEKNIK
24,981712022,VILLA BESTARI
24,981712023,TMN PERMAI JAYA
24,981712024,TMN DESA GEMILANG
25,981713001,TAMAN KAMARIAH
25,981713002,BATU 5/6 JALAN GOMBAK
25,981713003,JLN GJ 1 - 7 TMN GOMBAK JAYA
25,981713004,R/PANGSA TMN GOMBAK JAYA
25,981713005,TAMAN CEMERLANG
25,981713006,TAMAN GOMBAK JAYA
25,981713007,JLN GJ 1 TMN GOMBAK JAYA
25,981713011,JLN GJ 7 TMN GOMBAK JAYA
25,981713012,BLOK MELOR TMN GOMBAK JAYA
26,981714001,TMN SRI GOMBAK
26,981714002,JLN SG 1/20 - 31
26,981714003,JLN SG 10/1 - 10
26,981714004,JLN SG 10/11 - 13
26,981714005,JLN S/G 1/20
26,981714006,JLN S/G  1/21
26,981714007,JLN S/G  1/22
26,981714008,JLN S/G  1/23
26,981714009,JLN S/G  1/24
26,981714010,JLN S/G  1/25
26,981714011,JLN S/G  1/26
26,981714012,JLN S/G  1/27
26,981714013,JLN S/G  1/28
26,981714015,JLN S/G  1/30
26,981714016,JLN S/G  1/31
26,981714017,JLN S/G  10/1
26,981714018,JLN S/G  10/2
26,981714020,JLN S/G  10/4
26,981714021,JLN S/G  10/5
26,981714022,JLN S/G  10/6
26,981714023,JLN S/G  10/7
26,981714024,JLN S/G  10/8
26,981714025,JLN S/G  10/9
26,981714026,JLN S/G  10/10
26,981714027,JLN S/G  10/11
26,981714028,JLN S/G  10/12
26,981714801,PEMILIH TIDAK HADIR
27,981715001,JLN SG 8/1 - 50
27,981715002,JLN MUHIBAH
27,981715003,TMN BKT PERMATA
27,981715004,JLN S/G  8/1
27,981715005,JLN S/G  8/2
27,981715006,JLN S/G  8/3
27,981715007,JLN S/G  8/4
27,981715008,JLN S/G  8/5
27,981715009,JLN S/G  8/6
27,981715010,JLN S/G  8/7
27,981715011,JLN S/G  8/8
27,981715012,JLN S/G  8/9
27,981715014,JLN S/G  8/11
27,981715015,JLN S/G  8/12
27,981715801,PEMILIH TIDAK HADIR
28,981801001,TMN MELAWATI / JLN BANDAR 1/ JLN BANDAR 1- JLN BAN
28,981801005,KG PAJAR
28,981801701,BALAI POLIS TMN MELAWATI
28,981801801,PEMILIH TAK HADIR
29,981802001,KG KLANG GATE BAHARU
29,981802002,JLN RUSA KLANG GATE BAHARU
29,981802003,LRG KIJANG
29,981802004,LRG KANCIL
29,981802005,JLN KOLAM AIR
29,981802008,LRG PELANDOK
29,981802010,LRG SEKOLAH
29,981802011,JLN SELADANG
29,981802012,JLN SELADANG 2
30,981803001,JLN A ( JLN A1 - JLNA11 )
30,981803002,JLN B ( JLN B2 - B12 )
30,981803003,JLN J ( JLN J1 - JLN J15 )
30,981803004,JLN K ( JLN K1 - JLN K4 )/RIVER/AMBER HILL
30,981803005,JLN L ( JLN L1 - JLN L6 )
30,981803006,JLN MELAWATI 5
30,981803007,P/PURI MELAWATI
30,981803008,TIARA KEMENSAH / SAUJANA MELAWATI
30,981803009,PRIMA COURT
30,981803010,TMN UKAY PRIMA
30,981803011,PESONA VILLA
30,981803012,TMN BUKIT KEMENSAH
30,981803013,JLN 5/1A KEMANSAH HEIGHTS
30,981803014,TMN MELATI INDAH
30,981803015,JLN TIARA
30,981803016,KEMANSAH VILLA CONDO
30,981803017,JLN KEMANSAH 5
30,981803018,JLN KEMENSAH 6
30,981803019,JLN KEMENSAH 7
30,981803020,KEMENSAH HEIGHTS
30,981803021,TMN KEMANSAH
30,981803022,JLN A/1
30,981803023,JLN A/2
30,981803024,JLN A/4
30,981803026,JLN A/5
30,981803027,JLN A/6
30,981803028,JLN A/7
30,981803029,JLN A/8
30,981803030,JLN A/9
30,981803031,JLN A/10
30,981803032,JLN A/11
30,981803033,JLN B/2
30,981803034,JLN B/3
30,981803036,JLN B/5
30,981803037,JLN B/6
30,981803038,JLN B/7
30,981803039,JLN B/8
30,981803040,JLN B/9
30,981803041,JLN B/10
30,981803043,JLN B/12
30,981803044,JLN J/1
30,981803045,JLN J/2
30,981803046,JLN J/3
30,981803047,JLN J/4
30,981803048,JLN J/5
30,981803049,JLN J/6
30,981803050,JLN J/7
30,981803052,JLN J/10
30,981803053,JLN J/11
30,981803054,JLN J/12
30,981803055,JLN J/13
30,981803056,JLN J/14
30,981803057,JLN J/15
30,981803058,JLN J/16
30,981803060,JLN K/2
30,981803061,JLN K/3
30,981803062,JLN K/4
30,981803063,JLN L/1
30,981803065,JLN L/4
30,981803801,PEMILIH TAK HADIR
31,981804001,KG KEMANSAH
31,981804002,LRG TIMUR ZOOVIEW
31,981804003,LRG LINTANG ZOOVIEW
31,981804004,KG KEMANSAH
31,981804005,TMN HULU KELANG
31,981804006,ZOO NEGARA
31,981804007,LRG BARAT ZOOVIEW
31,981804008,JLN LENGKONG ZOOVIEW
31,981804009,KEMESAH HILIR
31,981804010,JLN LIKU
31,981804011,JLN KASAWARI
31,981804012,JLN KENARI
31,981804013,JLN SEMPADAN ZOOVIEW
31,981804014,KG O/ASLI HULU KLANG
31,981804015,JLN LEE WOON
31,981804016,DESA HARAS
31,981804017,LRG KASAWARI 2
31,981804018,JALAN BUL BUL
31,981804019,TAMAN ZOOVIEW
31,981804020,QTS KOMANDAN INST B B M
32,981805001,KG PASIR / BT 7 - BT 8 HULU KELANG
32,981805002,TMN AL-RIDHUAN/KG PASIR/ESTANA COURT KONDOMINIUM
32,981805003,TMN UKAY BISTARI
32,981805004,TMN VILLA TERATAI
32,981805005,TMN ANDAMAN UKAY
32,981805025,TMN SERING UKAY
32,981805801,PEMILIH TAK HADIR
33,981806001,TMN PERMATA
33,981806002,JLN PERMATA 1
33,981806003,JLN PERMATA 2
33,981806004,JLN PERMATA 3
33,981806005,JLN PERMATA 5
33,981806006,JLN PERMATA 4
33,981806007,JLN PERMATA 6
33,981806008,JLN PERMATA 7
33,981806009,JLN PERMATA 8
33,981806010,JLN PERMATA 9
33,981806011,JLN PERMATA 10
33,981806012,JLN PERMATA 11
33,981806013,JLN PERMATA 12
33,981806015,JLN PERMATA 14
33,981806016,JLN PERMATA 15
33,981806017,JLN PERMATA 16
33,981806018,JLN PERMATA 17
33,981806019,JLN PERMATA 18
33,981806020,JLN PERMATA 19
33,981806021,JLN PERMATA 20
33,981806022,JLN PERMATA 21
33,981806023,JLN PERMATA 22
33,981806024,JLN PERMATA 23
33,981806025,PERSIARAN PERMATA
33,981806027,CHANGKAT PERMATA
33,981806801,PEMILIH TIDAK HADIR
34,981807001,JLN AU 4
34,981807004,JLN AU 4/1
34,981807005,JLN AU 4/2
34,981807007,JLN AU 4/3
34,981807008,JLN AU 4/4
34,981807009,JLN AU 4/4 A
34,981807010,JLN AU 4/5
34,981807011,JLN AU 4/6
34,981807012,JLN AU 4/7
34,981807013,JLN AU 4/9
34,981807014,JLN AU 4/9 A
34,981807015,JLN AU 4/9 B
34,981807017,JLN AU 4/9 D
34,981807018,JLN AU 4/11
34,981807020,JLN AU 4/15
34,981807021,JLN AU 4/17 A
34,981807022,JLN AU 4/17 B
34,981807023,JLN AU 4/17 C
34,981807024,JLN AU 4/17 D
34,981807025,JLN AU 4/19 A
34,981807026,JLN AU 4/19 B
34,981807801,PEMILIH TAK HADIR
35,981808001,TMN SEPAKAT / AU3
35,981808002,JLN AU 3
35,981808003,JLN AU 3/1
35,981808004,JLN AU 3/5
35,981808006,JLN AU 3/7
35,981808007,JLN AU 3/7 A
35,981808008,JLN AU 3/7 B
35,981808009,JLN AU 3/8
35,981808010,JLN AU 3/10
35,981808012,JLN AU 3/12
35,981808013,JLN AU 3/14
35,981808014,JLN AU 3/16
35,981808016,JLN AU 3/16 B
35,981808017,JLN AU 3/16 C
35,981808018,JLN AU 3/18
35,981808019,JLN AU 3/23
35,981808020,JLN AU 3/25
35,981808021,JLN AU 3/27
35,981808023,JLN AU 3/29
35,981808024,JLN AU 3/29 A
35,981808026,JLN AU 3/31
35,981808029,JLN 7/56
35,981808801,PEMILIH TAK HADIR
36,981809001,TMN SRI KERAMAT
36,981809002,JLN AU 2A - JLN AU2A/23
36,981809003,JLN AU 2A
36,981809004,JLN AU 2A/1
36,981809005,JLN AU 2A/2
36,981809006,JLN AU 2A/3
36,981809007,JLN AU 2A/4
36,981809008,JLN AU 2A/5
36,981809009,JLN AU 2A/6
36,981809011,JLN AU 2A/8
36,981809012,JLN AU 2A/9
36,981809013,JLN AU 2A/10
36,981809015,JLN AU 2A/12
36,981809016,JLN AU 2A/13
36,981809017,JLN AU 2A/14
36,981809018,JLN AU 2A/15
36,981809019,JLN AU 2A/16
36,981809020,JLN AU 2A/18
36,981809021,JLN AU 2A/19
36,981809022,JLN AU 2A/20
36,981809023,JLN AU 2A/21
36,981809025,JLN AU 2A/23
36,981809801,PEMILIH TAK HADIR
37,981810001,"JLN AU 1-1A/4,C1- C/4, 1C/J/ KG KERAMAT PERMAI"
37,981810002,BLK 1-12 JLN AU 1A/1
37,981810003,BLK 1-5 AU 1A/3
37,981810004,P/PURI BKT BARU / KG BKT PERMAI/ BKT PERMAI
37,981810005,APT MAYA / KG SRI PERMAI / WARISAN
37,981810801,PEMILIH TAK HADIR
38,981811001,R/PANGSA PKNS TMN KERAMAT BLK A - W
38,981811002,R/PANGSA BLOK A
38,981811003,R/PANGSA BLOK B
38,981811004,R/PANGSA BLOK C
38,981811005,R/PANGSA BLOK D
38,981811006,R/PANGSA BLOK E
38,981811007,R/PANGSA BLOK F
38,981811008,R/PANGSA BLOK G
38,981811009,R/PANGSA BLOK H
38,981811012,R/PANGSA BLOK N
38,981811014,R/PANGSA BLOK P
38,981811015,R/PANGSA BLOK Q
38,981811016,R/PANGSA BLOK R
38,981811017,R/PANGSA BLOK S
38,981811018,R/PANGSA BLOK T
38,981811019,R/PANGSA BLOK U
38,981811020,R/PANGSA BLOK V
38,981811021,R/PANGSA BLOK W
38,981811022,R/PANGSA BLOK I
39,981812001,KUALA AMPANG / KG BAHARU ULU KELANG
39,981812003,RUMAH JABATAN TALI AYER
39,981812005,LRG AWAN 2
39,981812007,LRG AWAN 4
39,981812008,LRG AWAN 5
39,981812009,LRG AWAN 6
39,981812010,LRG AWAN 7
39,981812012,LRG AWAN 9
39,981812013,LRG AWAN 10
39,981812017,LRG AWAN 16
39,981812018,LRG AWAN 18
39,981812021,JLN AWAN
39,981812022,JLN KABUS
39,981812027,LRG KABUS 5
39,981812029,LRG KABUS 7
39,981812034,JLN EMBUN
39,981812037,LRG EMBUN 2
39,981812038,LRG EMBUN 3
39,981812040,JLN SINAR
39,981812042,JLN GURUH
39,981812044,JLN ANGIN
39,981812801,PEMILIH TAK HADIR
40,981813001,JLN F/1 - F/21
40,981813002,JLN H/1 - H/17
40,981813003,JLN I/1  -  I/10
40,981813004,JLN M/3  -  M/4
40,981813005,JLN N/1 -  N/9
40,981813006,JLN P/1 -  P/4
40,981813008,BUKIT MAS
40,981813009,HILLSIDE  APT
40,981813010,JLN F/1 TMN MELAWATI
40,981813011,JLN F/2
40,981813012,JLN F/3
40,981813013,JLN F/4
40,981813014,JLN F/5
40,981813015,JLN F/6
40,981813016,JLN F/7
40,981813017,JLN F/8
40,981813018,JLN F/9
40,981813019,JLN F/10
40,981813020,JLN F/11
40,981813021,JLN F/12
40,981813022,JLN F/14
40,981813023,JLN F/15
40,981813024,JLN F/16
40,981813026,JLN H/1
40,981813027,JLN H/2
40,981813029,JLN H/4
40,981813031,JLN H/6
40,981813033,JLN H/8
40,981813034,JLN H/9
40,981813036,JLN H/11
40,981813037,JLN H/12
40,981813038,JLN H/13
40,981813039,JLN H/14
40,981813040,JLN H/15
40,981813041,JLN H/16
40,981813043,JLN I/1
40,981813044,JLN I/2
40,981813045,JLN I/3
40,981813049,JLN I/7
40,981813051,JLN I/9
40,981813052,JLN I/10
40,981813054,JLN M/4
40,981813058,JLN N/4
40,981813060,JLN N/6
40,981813063,JLN P/1
40,981813064,JLN P/2
40,981813065,JLN P/3
40,981813066,JLN P/4
40,981813801,PEMILIH TIDAK HADIR
41,981814001,TMN LEMBAH KERAMAT / JLN AU 5 / JLN AU 5C
41,981814002,JLN AU 5
41,981814003,JLN AU 5C
41,981814004,JLN AU 5C/1
41,981814005,JLN AU 5C/2
41,981814006,JLN AU 5C/3
41,981814007,JLN AU 5C/4
41,981814008,JLN AU 5C/5
41,981814009,JLN AU 5C/6
41,981814010,JLN AU 5C/7
41,981814012,JLN AU 5C/7 C
41,981814015,JLN AU 5C/9
41,981814017,JLN AU 5C/11
41,981814018,JLN AU 5C/12
41,981814019,JLN AU 5C/13
41,981814020,JLN AU 5C/14
41,981814021,JLN AU 5C/16
41,981814801,PEMILIH TAK HADIR
42,981815001,TMN DESA KERAMAT
42,981815002,JLN AU 2B  -  2B1
42,981815003,JLN AU 2C  -  2C/9
42,981815004,QRTS  POLIS HULU KELANG
42,981815701,BALAI POLIS HULU KELANG
42,981815801,PEMILIH TIDAK HADIR
43,981816001,JLN AU 5D
44,981817001,JLN AU 1B/1 - JLN AU 1B/2
44,981817002,BLK A - M
44,981817801,PEMILIH TIDAK HADIR
45,981818001,TMN UKAY PERDANA
45,981818002,APT SRI BAIDURI UP 4
45,981818003,APT SRI MELUR UP 4
45,981818004,APT SRI RAYA UP 4
45,981818005,APT SRI PUTRI UP 2
45,981818006,APT SRI KAYANGAN UP 2
45,981818007,P/PURI WIRA / RIVEA RISE
45,981818008,APT SRI RAYA UP 2
45,981818009,APT  DESIRA
45,981818010,APT MAYVILLE
45,981818011,MULBERRY COURT
45,981818012,APT SRI MOLOK
45,981818013,RAYANA RISE
45,981818014,SPRING VILLE
45,981818015,KG SG SERING
45,981818016,APT SRI IMPIAN
45,981818017,TMN SIERRA UKAY
45,981818018,P/PURI SRI HIJAUAN
45,981818019,TAMAN UKAY INDAH
45,981818701,BALAI POLIS UKAY
46,981819001,R/PANGSA AU3 ( BLOK 1 - 15 )
46,981819801,PEMILIH TIDAK HADIR
47,981820001,JALAN C ( JLN C/1 -  JLN C/12)
47,981820002,JLN E ( JLN E1 - JLN E10 )
47,981820003,JLN G/1 -  G/3
47,981820801,PEMILIH TIDAK HADIR
